,precision,recall,f1-score,support
defect,0.5348837209302325,1.0,0.696969696969697,23.0
good,0.0,0.0,0.0,20.0
accuracy,0.5348837209302325,0.5348837209302325,0.5348837209302325,0.5348837209302325
macro avg,0.26744186046511625,0.5,0.3484848484848485,43.0
weighted avg,0.28610059491617085,0.5348837209302325,0.37279774489076817,43.0
